{"rustc_fingerprint":7635487963067477064,"outputs":{"4614504638168534921":{"success":true,"status":"","code":0,"stdout":"rustc 1.63.0 (4b91a6ea7 2022-08-08)\nbinary: rustc\ncommit-hash: 4b91a6ea7258a947e59c6522cd5898e7c0a6a88f\ncommit-date: 2022-08-08\nhost: x86_64-pc-windows-msvc\nrelease: 1.63.0\nLLVM version: 14.0.5\n","stderr":""},"15697416045686424142":{"success":false,"status":"exit code: 1","code":1,"stdout":"","stderr":"error: `-Csplit-debuginfo` is unstable on this platform\n\n"},"10376369925670944939":{"success":true,"status":"","code":0,"stdout":"___.exe\nlib___.rlib\n___.dll\n___.dll\n___.lib\n___.dll\nC:\\Users\\bqWang\\.rustup\\toolchains\\stable-x86_64-pc-windows-msvc\ndebug_assertions\npanic=\"unwind\"\nproc_macro\ntarget_arch=\"x86_64\"\ntarget_endian=\"little\"\ntarget_env=\"msvc\"\ntarget_family=\"windows\"\ntarget_feature=\"fxsr\"\ntarget_feature=\"sse\"\ntarget_feature=\"sse2\"\ntarget_has_atomic=\"16\"\ntarget_has_atomic=\"32\"\ntarget_has_atomic=\"64\"\ntarget_has_atomic=\"8\"\ntarget_has_atomic=\"ptr\"\ntarget_os=\"windows\"\ntarget_pointer_width=\"64\"\ntarget_vendor=\"pc\"\nwindows\n","stderr":""}},"successes":{}}